subject,stimulation,position,seed_p,seed_s
fukumoto,n,p3,0.101023548,0.76326405
fukumoto,n,p2,0.941189444,
fukumoto,n,p1,0.377610278,
fukumoto,v,p3,0.519368157,0.4803303
fukumoto,v,p1,0.988060236,
fukumoto,v,p2,0.63603886,
fukumoto,e,p2,0.421835899,0.036045377
fukumoto,e,p1,0.757506908,
fukumoto,e,p3,0.196966768,
