subject,stimulation,position,seed_p,seed_s
hatano,e,p3,0.101023548,0.76326405
hatano,e,p2,0.941189444,
hatano,e,p1,0.377610278,
hatano,n,p1,0.519368157,0.4803303
hatano,n,p3,0.988060236,
hatano,n,p2,0.63603886,
hatano,v,p2,0.421835899,0.036045377
hatano,v,p3,0.757506908,
hatano,v,p1,0.196966768,
