subject,stimulation,position,seed_p,seed_s
takami,v,p1,0.101023548,0.76326405
takami,v,p3,0.941189444,
takami,v,p2,0.377610278,
takami,n,p2,0.519368157,0.4803303
takami,n,p3,0.988060236,
takami,n,p1,0.63603886,
takami,e,p1,0.421835899,0.036045377
takami,e,p2,0.757506908,
takami,e,p3,0.196966768,
